corp_code,corp_name,stock_code,avg_revenue_last_3y,total_assets
00101752,케이씨피드,025880,94671056867.7,103303356062
00103015,고려제약,014570,78120154783.0,88887302484
00103547,우진비앤지,018620,52434331078.0,112869606907
00104120,광진실업,026910,57115484670.0,94252082071
00104537,국영지앤엠,006050,71883716269.3,72940186081
00104573,국일제지,078130,60351796401.3,142417007318
00105040,뉴인텍,012340,77972434241.7,75749063228
00108001,남화토건,091590,73085008142.0,192703998432
00108490,엔피케이,048830,64251504913.3,67946442411
00108649,TPC로보틱스,048770,88967080989.0,113226626118
00109037,대성창투,027830,15369527626.3,100480711010
00110431,JW신약,067290,99986379284.7,63035402938
00110750,플루토스,019570,8056532852.3,47575529262
00110884,엠젠솔루션,032790,57718654030.0,71423793062
00116408,동신건설,025950,67338888880.7,112636041341
00116426,이렘,009730,84408292489.7,130328701520
00117276,네이처셀,007390,24312271121.3,71997508759
00120289,제이에스티나,026040,75892303260.0,50660994202
00120906,에스아이리소스,065420,7432432303.3,14882121796
00122205,졸스,018700,62682520452.3,46388102294
00124276,부스타,008470,99704185533.3,105007314176
00125488,삼륭물산,014970,90203281405.0,98958483256
00125664,삼미금속,012210,74678571754.3,172747485700
00125725,디모아,016670,27873677401.7,94208365335
00126788,삼아제약,009300,91497183768.3,248733842277
00127909,삼일,032280,98918973746.7,108347600270
00127936,삼일기업공사,002290,84970355609.0,86065246337
00129615,상보,027580,62465422703.7,105420391271
00130408,서산,079650,42033309538.0,112243489402
00130587,서울전자통신,027040,40748381271.7,69423552759
00131018,서울제약,018680,52031623542.3,71620145266
00132202,선진뷰티사이언스,086710,72108882215.0,154084421819
00133557,PN풍년,024940,56606036539.7,56816719704
00133751,세명전기,017510,13625939319.0,88459708061
00135999,신라섬유,001000,3958874686.3,30634773233
00136004,신라에스지,025870,82472595164.0,45863612729
00136165,스페코,013810,27086322879.0,86712896526
00137012,에스앤더블류,103230,42259900228.3,71297045144
00137058,신일제약,012790,86194246776.7,165861375460
00137289,이엘씨,041520,60975051482.7,189660528776
00138367,플레이위드,023770,25121688290.0,36981992739
00139685,양지사,030960,55061235666.7,196862945845
00140061,티케이지애강,022220,70868250459.0,109885553298
00140566,한탑,002680,92953430435.7,138897931901
00142713,형지I&C,011080,64189569654.3,64869969332
00143226,엠투엔,033310,65552115495.0,181439960725
00144012,원풍,008370,80961701208.0,98313590517
00144021,원풍물산,008290,28187710822.0,52346111760
00145473,이글벳,044960,42683340923.7,61237139526
00145914,인터엠,017250,56662227198.7,85947980904
00146427,한주에이알티,058450,10115513469.7,37285619002
00148531,제이스코홀딩스,023440,55953336184.0,105895522703
00149770,중앙에너비스,000440,58968555761.0,58475728545
00150536,진양제약,007370,94291663868.7,227573668178
00151605,THE CUBE&,013720,30610774932.7,78829190132
00152589,코리아나,027050,82965025165.3,107779542466
00152783,코메론,049430,75746687336.7,244243219582
00155373,풍강,093380,91257783828.7,91015824632
00155586,HLB이노베이션,024850,25788831418.0,268011066592
00155638,피에스텍,002230,73730578797.7,171501735008
00156910,SBI인베스트먼트,019550,24959398893.3,141750059438
00159731,글로본,019660,18706859454.0,13399891473
00161462,에이티넘인베스트,021080,96167289746.0,216849340833
00166528,서암기계공업,100660,46208730964.3,73861719421
00169215,에너토크,019990,26130688780.7,44686892473
00172079,HLB파나진,046210,13206739570.0,109610604611
00172945,동일스틸럭스,023790,23442011282.0,71562643725
00173449,빌리언스,044480,47120239540.3,48846397616
00175623,ES큐브,050120,51573240195.0,90410906192
00177320,대성미생물,036480,24955438957.3,58379168019
00177870,대창솔루션,096350,61956584201.3,135428546287
00180263,리더스코스메틱,016100,76478423098.7,74742591141
00180865,디에이치엑스컴퍼니,031860,9675383909.0,56156827002
00185222,크린앤사이언스,045520,87718354689.7,82397429489
00186452,광무,029480,36329448840.3,282270869425
00187415,코미팜,041960,47075367474.3,122766615861
00187770,한국파마,032300,81849053369.3,112386950030
00188797,포메탈,119500,68614614289.7,62217989741
00189538,피델릭스,032580,56717797008.7,56680583496
00199076,동일기연,032960,25348201353.3,69371193791
00201131,아즈텍WB,032080,39309634788.7,117975490056
00201432,비츠로시스,054220,18064890184.3,51320541267
00201733,TJ미디어,032540,91393952369.3,124721058447
00202839,한창산업,079170,86963692567.0,86800080449
00203209,에쎈테크,043340,54862105982.7,72055899433
00203847,국일신동,060480,25973545938.7,47371533602
00204226,소프트센,032680,64786371525.3,96907853710
00204642,티비씨,033830,42091058361.7,135621536292
00205003,좋은사람들,033340,84407462463.0,80836869755
00205687,더라미,032860,61106842358.7,61829083163
00206686,케이피엠테크,042040,38476943919.7,170108937714
00208134,KNN,058400,66963464324.3,236345158411
00217743,화성밸브,039610,89446677729.7,130853121273
00220109,알파AI,043100,25694674092.3,65791538498
00220622,서호전기,065710,57602249580.7,101975372921
00222435,제이엠아이,033050,73309736280.7,87290299109
00225742,LS마린솔루션,060370,81281900240.0,254269530607
00230036,드래곤플라이,030350,16447196672.7,23277392430
00230425,나노엔텍,039860,30833747720.3,79006525914
00230814,휴림에이텍,078590,59172999119.0,75311465150
00230911,HRS,036640,81499653803.0,135813546382
00231044,우리기술,032820,61303627661.3,265459207084
00231442,디지틀조선,033130,36080453508.7,97987729519
00231691,판타지오,032800,42040466718.3,89639124348
00231707,비트컴퓨터,032850,35222636561.7,79599021559
00231831,조아제약,034940,64849049777.0,71320036771
00231901,LB인베스트먼트,309960,25454974730.3,129653934395
00232007,상지건설,042940,82697369763.3,200598655166
00232089,바이온,032980,16240515269.3,84728806115
00232821,에이치엠넥스,036170,14368489427.3,125112174224
00234227,유진로봇,056080,29936824469.0,54727736447
00235183,에이치케이,044780,67343712291.7,79002808033
00238001,블루콤,033560,36566877747.3,201507128401
00238199,로지시스,067730,37377543960.3,28972433530
00241209,모아텍,033200,30501831613.7,78048084563
00242712,엘컴텍,037950,51874385405.3,83213523150
00243979,수성웹툰,084180,54075386072.0,250764027496
00244783,한네트,052600,24251132785.7,54034084668
00245694,남화산업,111710,25269828184.7,199918904401
00246620,케이엘넷,039420,50466719056.3,66483193487
00249441,씨씨에스,066790,18968185039.3,38009612874
00249502,골드앤에스,035290,9677535499.0,15859935324
00250137,와이어블,065530,72098674789.0,138956917494
00250997,대정화금,120240,94064985925.3,202155153133
00252269,아이에이,038880,61372276312.7,144406552899
00255105,케이바이오랩스,038530,44989259769.7,117148991945
00255433,라온시큐어,042510,53719107380.0,71507775288
00256043,비씨월드제약,200780,74209186442.0,176312918381
00256502,에이텍,045660,17643307475.7,163064041455
00256715,국순당,043650,71307267427.3,256323191806
00257732,한국정밀기계,101680,49906944780.3,72476385281
00258421,기산텔레콤,035460,78255102021.7,113278751875
00259590,바른손이앤에이,035620,19730553928.0,111166407353
00259934,예림당,036000,21308721602.0,197005789464
00260611,웰킵스하이텍,043590,23655876665.7,57796786445
00260745,서울평가정보,036120,37785135749.3,36729652472
00261054,EG,037370,65733461020.7,151951948568
00261656,잉크테크,049550,66094396539.0,158897053834
00262266,삼현,437730,89638083547.0,140292826674
00263654,오스코텍,039200,14673636390.7,170778209860
00264228,위즈코프,038620,67310465671.3,111624846722
00264671,세중,039310,37231500258.7,117292161120
00264714,SG&G,040610,45126853144.0,453424090839
00264732,파인디지털,038950,83209658708.0,107567274959
00265005,옴니시스템,057540,99522098633.3,132528055670
00266934,파루,043200,40946583402.0,59225344153
00267854,메디앙스,014100,62143682510.0,112758532404
00267881,보성파워텍,006910,69918525879.7,97163663127
00270113,멕아이씨에스,058110,17794752813.0,59449795128
00273110,에스티큐브,052020,7809028368.7,111904280105
00273439,메디아나,041920,67935635554.3,139558595671
00276083,피노,033790,16349801222.3,116276610434
00287812,에코심플렉스,038870,16864750636.3,118346223804
00288343,삼영이엔씨,065570,33780893330.7,54900955641
00292434,인트론바이오,048530,10003417179.0,86374616475
00295547,디지아이,043360,17720755797.3,45133043361
00296005,우리로,046970,66996000885.0,60010106091
00296078,APS,054620,58611445161.7,413209095861
00296263,YW,051390,24601736914.3,96527287234
00296324,큐로홀딩스,051780,67828421245.3,80516362752
00297448,플래스크,041590,24763506157.3,50568407133
00297989,오르비텍,046120,63250634127.0,109316520215
00301112,삼화네트웍스,046390,63799876850.0,68092560200
00303703,CS,065770,35338844501.3,23962754816
00303794,쇼박스,086980,63324029669.7,154046787722
00305570,코스리거글로벌,043710,17335477746.3,50230859238
00306870,손오공,066910,49684274087.7,57702751747
00307028,경남제약,053950,59698660007.0,166583877165
00307222,YBM넷,057030,60457586859.0,81369397980
00308559,코디,080530,70952550146.3,75477956976
00308896,셀피글로벌,068940,35282445411.0,27979942852
00309460,HB인베스트먼트,440290,17199909351.3,91911537577
00311216,에이치엔에스하이텍,044990,84638377634.3,114249923854
00313649,현대바이오,048410,10794329365.0,67704784931
00317487,티에스넥스젠,043220,24513130309.7,128315130034
00317681,메타바이오메드,059210,82026092287.7,177295082232
00318662,CNT85,056730,49763190579.7,89519620287
00323868,웹케시,053580,78541055698.0,125883322140
00327819,선익시스템,171090,83130169148.0,302897469887
00328191,케이에스피,073010,76853424509.3,105512995900
00329093,코데즈컴바인,047770,40203520285.3,88883574566
00331016,에프앤가이드,064850,29871153154.0,85056694363
00339072,팬스타엔터프라이즈,054300,66332045434.3,99889103873
00340272,에스폴리텍,050760,78613727692.3,111646712259
00346407,크레오에스지,040350,9231481792.3,91503437327
00346610,시지메드텍,056090,36920086451.3,107200266646
00346911,아이톡시,052770,22319526544.7,10650406836
00347716,중앙첨단소재,051980,23864351511.3,124513876013
00348034,액토즈소프트,052790,76022087741.7,371563463278
00348292,한빛소프트,047080,38513357548.0,32786852318
00349060,한스바이오메드,042520,77876156814.3,121715439723
00349811,오션인더블유,052300,10709663110.3,369945245351
00350020,파인디앤씨,049120,55596211433.0,105528908216
00350482,성우테크론,045300,39957547753.7,98675330131
00351375,뉴보텍,060260,46068045282.3,51209695755
00351427,와이즈넛,096250,34853103853.3,57963768348
00351454,더테크놀로지,043090,9720965510.7,43321958576
00351579,비트플래닛,049470,44831792489.0,42025243594
00352064,프리엠스,053160,23423510384.0,60758792706
00353610,이니텍,053350,46122261118.0,118421955767
00353762,키이스트,054780,63304309896.0,71448697174
00355089,토탈소프트,045340,16880646609.3,42769564410
00356389,프럼파스트,035200,19713725278.3,43402243204
00356802,큐렉소,060280,64468042089.7,102583453315
00356839,메디콕스,054180,25927429748.0,81419165352
00357430,쎌바이오텍,049960,51408602016.0,130397880695
00357607,케이피티유,054410,35014264748.3,92347256350
00359076,브리지텍,064480,52013527867.7,67885823870
00359261,빛샘전자,072950,84078060095.3,101256586978
00359395,헬릭스미스,084990,3991734012.7,148889638599
00360674,코위버,056360,73276191211.7,151090414660
00361169,한국전자인증,041460,37983398380.3,81451522650
00362122,나래나노텍,137080,60463981495.3,173431902910
00362201,세운메디칼,100700,62838001388.3,156848128490
00363510,제이케이시냅스,060230,46164767462.3,143468244997
00363927,NE능률,053290,77053948274.7,98502109653
00365457,제이티,089790,59508394103.0,91154573920
00365758,아이앤씨,052860,42348191070.0,51288908215
00365934,코세스,089890,79255379184.0,85940029006
00367385,효성오앤비,097870,30581682508.0,92027278048
00367400,모티브링크,463480,70222292146.3,44033135210
00367482,빛과전자,069540,30795160870.7,81618471451
00367604,SM Life Design,063440,44277015404.7,69502056550
00367695,에이전트AI,060900,21177576966.7,61942699086
00367871,인바이오,352940,34639374129.0,67771221943
00369213,폴라리스AI,039980,64452932561.0,115959879822
00369569,비케이홀딩스,050090,10843629219.7,18906451386
00370006,iMBC,052220,46402207427.7,73752314930
00370200,아이로보틱스,066430,36445126815.3,51246912389
00370255,테크엘,064520,22121241669.3,104152435078
00370918,케이디켐,221980,61228830552.7,131933824881
00371740,디티씨,066670,38530946284.0,168146901131
00372688,티사이언티픽,057680,26160140161.0,163268244478
00373021,테라사이언스,073640,21052847877.3,78502700730
00373447,서린바이오,038070,89896063696.0,101524815567
00373571,스타코링크,060240,17721191244.7,25135818879
00374020,이엘피,063760,24344847381.3,75632478096
00374738,위세아이텍,065370,33515225371.3,71958424244
00377018,기가레인,049080,46903554775.3,91151470613
00378220,버킷스튜디오,066410,19671637738.7,190720457988
00378363,3S,060310,37521245010.7,63790941612
00380429,CMG제약,058820,91734606032.0,303436817189
00384717,비엘팜텍,065170,18617871345.3,36458146420
00384762,파커스,065690,66809057796.3,115027215431
00385336,홈캐스트,064240,78290823424.7,120826883543
00385363,빅텍,065450,66930679252.0,107182765556
00385415,일신바이오,068330,15896124821.3,63939996247
00390408,인크레더블버즈,064090,13609538236.0,99822167362
00390514,이루온,065440,60371350112.0,75451682416
00391197,하이퍼코퍼레이션,065650,48879457159.3,60404547782
00392691,포니링크,064800,76099484403.0,246626823933
00396925,엠로,058970,67084231855.7,102419750769
00397058,엠게임,058630,79570876779.7,148894184748
00397191,팬엔터테인먼트,068050,61273334427.0,121133372014
00400060,이씨에스,067010,90875403299.0,86219173083
00400121,유아이디,069330,56337291880.7,43229983991
00402110,시큐브,131090,13408040989.7,48531987014
00403766,한국첨단소재,062970,14072743997.0,31405699755
00403793,바이브컴퍼니,301300,30255456167.0,88681121141
00404288,아진엑스텍,059120,28581308882.7,45119440348
00405506,삼영에스앤씨,361670,12559593711.3,23215623072
00405959,스타플렉스,115570,84974667052.0,96403198806
00406037,CSA 코스믹,083660,47388848148.7,33217347188
00406727,세진티에스,067770,13331926213.3,48656430876
00407036,선바이오,067370,9465018907.0,61017212304
00407285,아이컴포넌트,059100,33251420752.7,58107241562
00407294,유라클,088340,47301443139.7,40940905783
00407771,듀오백,073190,26116885766.3,22843694713
00407814,CG인바이츠,083790,5484421148.7,260465309673
00408266,유니온바이오메트릭스,203450,51460543458.0,70921949384
00409140,이원컴포텍,088290,49130138731.0,45321896535
00409371,인베니아,079950,33800343291.3,73269252595
00409964,하이텍팜,106190,85744155810.3,140090048772
00411446,큐에스아이,066310,20916609469.7,88543626839
00411808,제이오,418550,88340976939.7,222582339653
00415327,중앙백신,072020,42253212759.0,123275416493
00415707,엔텔스,069410,48782584447.7,64784573765
00415868,펩트론,087010,4102690182.7,168892733798
00416414,넥스턴앤롤코리아,089140,32120443339.7,233036978483
00417167,풍원정밀,371950,45743795603.7,96349143591
00418379,자연과환경,043910,61437206675.3,142032820174
00425254,나우코스,257990,52373689373.7,38326409371
00426068,엑시온그룹,069920,4982400848.3,58139774712
00426828,케이웨더,068100,16456830289.0,18828687407
00435969,인피니트헬스케어,071200,89247606933.7,221819005283
00439965,나노신소재,121600,83616542690.3,442216673054
00440712,리튬포어스,073570,17172960834.0,55269506697
00441447,케이씨티,089150,14127517856.3,53180330601
00441650,케이씨에스,115500,39651197453.3,23875109727
00442048,아바텍,149950,77833627417.3,154668851604
00442455,코스나인,082660,6451268470.3,0
00442561,에프알텍,073540,24404405287.0,70810340644
00442826,대봉엘에스,078140,91693373147.0,238712852479
00442905,디에스엠,104040,31111438453.3,89153712111
00446901,코칩,126730,35011304440.0,62000491221
00447502,바이오톡스텍,086040,37088068515.0,136191119441
00447928,네오티스,085910,62983803952.3,125131926926
00450995,대모,317850,46843121549.0,61505769423
00453442,해성에어로보틱스,059270,14178357258.7,42232172011
00453929,메디포스트,078160,67833547797.0,414287470351
00454399,이상네트웍스,080010,83349706774.0,190189538570
00455875,와토스코리아,079000,18228777182.0,83738564811
00463342,폴라리스AI파마,041910,61951178543.0,134450888144
00466428,아미노로직스,074430,21671274659.3,56789152176
00470829,인티큐브,070590,49871037337.3,32746244329
00475718,이엠앤아이,083470,29566989220.3,23551729353
00475976,인콘,083640,55951873260.3,82656432648
00475985,시너지이노베이션,048870,86786358147.0,314061064693
00476036,에프엔에스테크,083500,65002677613.7,128914258277
00479705,케스피온,079190,50210100121.7,35202573615
00479787,인텍플러스,064290,92504130781.7,124069358316
00490090,이지케어텍,099750,77734148821.3,46805991803
00490179,플랜티넷,075130,33709478767.7,96391325593
00491053,진바이오텍,086060,81731548925.7,71988255076
00491415,인포바인,115310,22959396450.0,123980357874
00491938,GH신소재,130500,84456317159.3,192235684629
00492353,파이오링크,170790,59650254035.3,93771942946
00492894,젬백스,082270,70234800309.7,150746205875
00493185,제이스로보틱스,090470,93220003899.0,185504546530
00493325,에이엘티,172670,42891273890.7,217658863148
00494218,엘엠에스,073110,80791403513.7,155849233855
00494476,이녹스,088390,66094853740.0,317853642264
00494546,오비고,352910,13499556813.3,39819285885
00495086,픽셀플러스,087600,55671612758.7,106294255002
00495633,율촌,146060,75533691655.0,93687378277
00516246,알에프세미,096610,28235580088.7,22795374986
00519252,THE E&M,089230,33499934790.0,77617082470
00520610,씨큐브,101240,52510989615.7,115788976905
00523176,광동헬스바이오,086220,69858454791.0,52939151421
00525864,피앤씨테크,237750,25805214881.3,97287389508
00526678,동방선기,099410,29294600474.3,60097697605
00526696,웨이브일렉트로,095270,71734732489.3,86910815427
00526872,이수앱지스,086890,51911276898.3,160230929391
00527002,화인써키트,127980,73171513899.0,107758180207
00527464,에이치시티,072990,78543619317.7,167196410906
00527491,하이드로리튬,101670,13272443536.3,94025288164
00528515,한라IMS,092460,93939112476.3,208282147637
00529815,오디텍,080520,37451795918.0,136975371245
00530121,디에스케이,109740,47457575247.3,166375589033
00530413,더코디,224060,24613414287.0,94050804397
00530556,예스티,122640,85299042378.3,204386587125
00531078,유비온,084440,32191808099.3,23149050125
00531829,엠아이텍,179290,52120233374.0,118527983570
00531865,유니테크노,241690,96466670899.0,231054729210
00532059,그린생명과학,114450,27911674493.0,44971612512
00532129,영림원소프트랩,060850,58531007466.3,68405556822
00532855,한국유니온제약,080720,58580811828.7,74900211471
00533191,비보존 제약,082800,70161148554.0,184449007617
00533924,이브이첨단소재,131400,67595911730.7,144037746838
00534701,세아메카닉스,396300,88917993593.3,131950373014
00535375,키네마스터,139670,16512465818.0,24264680953
00536329,노블엠앤비,106520,8062287372.7,21403212700
00536888,케이알엠,093640,12163029470.3,146570510759
00537221,인바이츠바이오코아,216400,23107079045.0,98007229408
00537337,앤씨앤,092600,81325531651.0,99273383375
00537832,푸른기술,094940,33714489865.7,47452317161
00540429,휴림로봇,090710,90412502971.3,334935432412
00540571,엘디티,096870,10228629152.0,17247100520
00541437,코렌텍,104540,83207440095.0,186272303845
00542074,나노캠텍,091970,49358424838.7,73006055556
00542898,케이이엠텍,106080,13146380915.3,56117197680
00543107,오킨스전자,080580,62568750921.7,87124140122
00543204,아이오케이이엔엠,078860,21898342164.0,98265952627
00544577,브이엠,089970,79223740383.0,165703586111
00545929,제넥신,095700,7832798297.3,345041837007
00547510,툴젠,199800,912611357.3,75478506407
00549891,케어젠,214370,76964378115.0,240696868067
00550082,캔버스엔,210120,19798896910.7,40037534807
00552859,HLB테라퓨틱스,115450,49975080851.3,219793068613
00552992,진매트릭스,109820,10349275688.7,28458301302
00554352,아이큐어,175250,61793566634.7,132883280956
00556615,모바일어플라이언스,087260,47585506690.3,79232634935
00560122,한울소재과학,091440,25993913741.3,129215868817
00560849,에스앤디,260970,92577579039.0,93010694958
00560982,바이오솔루션,086820,11817294629.7,67464079629
00561723,쏘닉스,088280,15543532474.7,56954161119
00561732,아스플로,159010,86379818756.7,138247317749
00563518,비나텍,126340,61737519277.7,176126234804
00563837,제로투세븐,159580,75566288965.7,90053400129
00567222,우림피티에스,101170,65811077584.7,92390151125
00567897,에스비비테크,389500,6023235844.0,28895548697
00568188,마이크로컨텍솔,098120,65178659963.0,76917403910
00568461,HC보광산업,225530,78936182203.0,179145646984
00569646,영우디에스피,143540,52137690094.0,68473955097
00569691,디엔에프,092070,85024358642.0,161916433868
00571483,오이솔루션,138080,51661113825.0,136635554073
00574611,SDN,099220,88174607950.7,155594294579
00576789,디젠스,113810,80113682726.0,59674082371
00577016,수산아이앤티,050960,24124620166.3,91624786455
00577380,신진에스엠,138070,60218333747.0,105860205050
00578538,티피씨글로벌,130740,80420829619.7,112833101054
00579139,한국맥널티,222980,79148866902.3,81317586081
00579971,칩스앤미디어,094360,26245886834.3,83980124565
00587925,모아라이프플러스,142760,18626446878.0,62249788735
00595182,아톤,158430,55065996665.3,138945851809
00596260,투비소프트,079970,34468038740.0,30298943930
00598198,컴퍼니케이,307930,15591879180.0,77364427939
00599106,네오리진,094860,26572740108.3,44700042971
00599151,SV인베스트먼트,289080,28868323538.0,94644733007
00599957,슈프리마에이치큐,094840,19271337931.0,232865061420
00601988,코난테크놀로지,402030,22044976629.0,44386378693
00602279,그린플러스,186230,76521470155.0,101351798638
00604028,피코그램,376180,29689581737.0,78092647171
00604815,에스디시스템,121890,20618511351.3,17695231543
00605124,알파칩스,117670,84989859909.7,52992136434
00605522,소룩스,290690,55471160022.7,117301524875
00606293,나이스디앤비,130580,89921456184.0,124488227682
00606664,케이엔더블유,105330,91138353102.0,207622472352
00606886,엔지켐생명과학,183490,60018071335.0,181743940859
00607496,한빛레이저,452190,20601415469.3,34434110068
00608316,대한과학,131220,72558765672.3,67813733551
00608699,탑코미디어,134580,18073879603.7,38557960524
00608802,텔콘RF제약,200230,34000828346.0,153588079745
00608839,에이루트,096690,65234931927.7,222298306008
00609661,티쓰리,204610,62153779299.3,122590882888
00610083,비아트론,141000,52341254292.0,204073839633
00611736,엑시콘,092870,68355032676.0,190783856743
00612188,에스티오,098660,72475108633.3,73979103060
00614593,넥스트아이,137940,33993386537.0,114704622584
00615723,알엔티엑스,123010,27883152516.7,52469350238
00616290,이엠넷,123570,38513651936.7,138751054712
00616962,린드먼아시아,277070,9513285592.7,69980790186
00617314,타이거일렉,219130,56154769375.7,77109605399
00618410,KS인더스트리,101000,25208608952.3,65818800858
00619507,와이씨켐,112290,71641588984.3,116280164535
00619640,에코앤드림,101360,72293010747.0,405770507399
00620558,에이비프로바이오,195990,26383520538.0,141262933199
00623184,오늘이엔엠,192410,17190121596.3,73362629068
00624378,마이크로투나노,424980,20315546390.3,52739290276
00624509,디바이스,187870,59017334637.7,203868138548
00624518,다산솔루에타,154040,74872554070.0,83553041687
00624749,에스피시스템스,317830,61547941696.7,98571729878
00624998,제닉,123330,36475637528.7,38157269939
00626011,아이텍,119830,63615007345.0,229635595317
00627029,DGI,099520,20208695792.3,28672300883
00629212,딜리,131180,33698747229.3,71633475979
00631837,안트로젠,065660,6674708305.7,116078467157
00632793,전진바이오팜,110020,14249189677.0,18853293193
00632845,노랑풍선,104620,84177206379.0,135143319244
00634728,이크레더블,092130,44438505785.3,59418357247
00636656,바이오플러스,099430,62723771400.0,264298004297
00638487,파수AI,150900,44296902177.3,50192542234
00641171,인지소프트,100030,22218378798.3,61886802851
00641393,엔시트론,101400,32342576415.0,48477726873
00642541,제이에스링크,127120,18279261722.7,54386406588
00642897,브레인즈컴퍼니,099390,23552690091.3,55794955235
00645089,NHN벅스,104200,58253241531.3,76194969967
00650771,하이젠알앤엠,160190,80219755005.0,120185301263
00651017,나우IB,293580,26819680544.3,151106013762
00652007,메카로,241770,51811571550.3,207583315092
00653194,앱토크롬,109960,14001520951.3,334890823632
00654175,피엠티,147760,31893436846.0,60021374575
00654272,램테크놀러지,171010,51500014301.3,104412607248
00657783,모델솔루션,417970,66719136739.0,90390294000
00659976,영화테크,265560,69230705139.7,107071735945
00660033,씨엔플러스,115530,42265618375.3,50509050942
00660121,디에이테크놀로지,196490,62010006306.3,58471901617
00660291,옵티시스,109080,24818957982.0,60221257655
00660459,나노씨엠에스,247660,5547441542.7,31274360108
00663669,폴라리스우노,114630,85076058307.7,139097613493
00665676,아시아경제,127710,85450221442.3,370777048797
00666064,셀바스AI,108860,72111705942.7,312136185719
00666204,제너셈,217190,61598261830.3,86382041318
00667425,에이팩트,200470,84703754226.3,162487960652
00668600,케이옥션,102370,19776093428.7,201120693958
00668965,지오엘리먼트,311320,30408165360.0,70134942797
00670766,엠엑스온,347890,37165675866.0,78067987113
00672603,케이엔알시스템,199430,30371402048.0,46530712451
00677334,아하,102950,69915207862.3,109200119931
00681249,씨유메디칼,115480,43129917267.3,103568835562
00681373,디지캡,197140,20016124208.7,74492167404
00683007,엑스큐어,070300,18595237496.0,24256735481
00688358,하이즈항공,221840,75362087443.0,113780919807
00694942,이미지스,115610,17000699250.0,14437701265
00695969,동운아나텍,094170,99962024897.7,98782893020
00755739,파인테크닉스,106240,56267882693.0,148992066367
00761952,아나패스,123860,98989181856.0,117618251141
00765462,씨에스베어링,297090,77008312149.3,148035414928
00765569,기가비스,420770,72427836641.7,229667851356
00765851,위더스제약,330350,82507204147.0,134687438718
00766106,엣지파운드리,105550,36779710064.7,131561893611
00767628,나이벡,138610,20641509131.3,62453644352
00769158,케이엔제이,272110,47779996672.0,156768549237
00770312,마니커에프앤지,195500,99427733541.3,122624889990
00778235,TS인베스트먼트,246690,23671417297.3,95646416362
00781202,애머릿지,900100,31490580.7,33189480
00783246,글로벌에스엠,900070,88859921.3,115013983
00788737,이퓨쳐,134060,10877759552.7,27442646834
00793155,핸디소프트,220180,29203547049.7,83808041846
00799070,이스트아시아홀딩스,900110,337923401.3,1708467745
00799539,제노레이,122310,95827802579.7,123444458454
00800084,씨엑스아이,900120,433058399.3,2540883606
00807397,코이즈,121850,15609801021.0,28735455381
00807555,메가엠디,133750,45666952022.3,87387157493
00808068,앤로보틱스,138360,15579471680.0,70707438817
00808086,HLB펩,196300,6834060057.3,16518196875
00809429,뉴온,123840,9127516365.3,127715627774
00813389,베셀,177350,31990581349.3,51320863538
00816933,진영,285800,37745171906.0,67920501927
00819073,인크로스,216050,49647559313.0,283724089626
00820352,파인텍,131760,65729022593.7,79997049618
00821607,알톤,123750,40526067105.3,30666544430
00831428,옵투스제약,131030,70996273026.0,166503392957
00838962,알서포트,131370,48846333096.3,120486014072
00842585,네이블,153460,16314245279.7,35996305563
00843900,육일씨엔에쓰,191410,33237903783.0,63862695171
00858124,알에스오토메이션,140670,86690821980.0,62988614723
00861997,휴먼테크놀로지,175140,38907611971.3,62046343451
00862312,포스뱅크,105760,82618377989.7,88345764957
00862853,플레이디,237820,39940636318.7,134692731941
00862880,새빗켐,107600,41484245163.7,94043745211
00863038,캐리,313760,5518395990.7,42232494716
00864338,웹스,196700,34777541523.0,70900246047
00866451,워트,396470,16954973259.3,65200719845
00867034,듀켐바이오,176750,34239595949.3,65168342519
00867098,티로보틱스,117730,61383784737.0,106972896821
00867478,아시아종묘,154030,25012199751.0,41075803079
00867973,서남,294630,4720391855.7,12052682439
00869272,서전기전,189860,52436590810.0,63436822351
00870065,쓰리에이로직스,177900,17003422808.0,72608970415
00870481,에코캡,128540,91477091717.3,191155913448
00874803,AP위성,211270,53890011655.3,135157457133
00875237,씨앤투스,352700,97536099572.0,170100062814
00875307,야스,255440,41733930860.0,175172179748
00876166,KBG,318000,23616942707.0,51639314685
00877174,엠브레인,169330,53307478687.0,49329307367
00885906,에이치와이티씨,148930,35721079023.7,71828076850
00896753,에코글로우,159910,13750906755.0,23862078574
00899556,제룡산업,147830,43177240100.0,84420867944
00909835,차이커뮤니케이션,351870,57261939667.7,156108599723
00911229,라온로보틱스,232680,47738698828.0,61404943125
00915508,알엔투테크놀로지,148250,17577102291.0,45814422781
00916826,드림씨아이에스,223250,48456965749.3,118538334937
00918222,엘앤케이바이오,156100,28588160895.0,83061020207
00919966,신라젠,215600,4293191989.0,149015779476
00921916,석경에이티,357550,12786287380.7,49219176168
00922304,아셈스,136410,52654116039.3,106778573762
00923516,메가터치,446540,50726884607.3,65091153466
00923792,내츄럴엔도텍,168330,18334777178.7,33337564389
00923826,일월지엠엘,178780,29079228021.3,46173092871
00925189,신화콘텍,187270,49619671267.0,97223460337
00925295,에프엔씨엔터,173940,79982098881.3,118380430317
00925587,위드텍,348350,55261017948.3,139800509989
00926522,테고사이언스,191420,7403284709.3,52515371130
00927558,유바이오로직스,206650,73622550893.0,202084808067
00939942,포시에스,189690,31387559854.7,78408882717
00942131,앤디포스,238090,63539212207.0,105877525166
00945457,아이진,185490,3924870564.3,65305811618
00946030,로보티즈,108490,28340876621.3,100246445003
00956028,엑세스바이오,950130,383254044.3,503980396
00957373,펨트론,168360,63959586681.3,71687225066
00958327,지앤비에스 에코,382800,75225134693.3,135086453187
00958451,한선엔지니어링,452280,45754929904.0,78986924347
00959210,코츠테크놀로지,448710,52705408482.0,66657433601
00959229,세종메디칼,258830,17675626086.7,51743575311
00961507,케일럼,258610,86573830859.0,90050932024
00961570,신도기연,290520,17722596415.7,68571194145
00961774,유티아이,179900,24788245538.3,160639757471
00962223,지니언스,263860,43649873244.0,69299301439
00962393,포인트모바일,318020,81629408609.7,81902275903
00962922,팬젠,222110,9496156716.0,30544682369
00963976,SG,255220,96573142869.7,232832735266
00964595,엔바이오니아,317870,13300903880.7,64889629522
00965318,이노시뮬레이션,274400,15232742683.0,47919811913
00965512,라온텍,418420,10187773492.3,28160758750
00971726,옵티팜,153710,17672330603.7,43318838518
00975290,에이스토리,241840,47782630287.3,71711472045
00976615,틸론,217880,7316417235.0,32189288030
00977377,에이비온,203400,1513503273.7,63782309171
00977641,하이로닉,149980,30976117644.0,80014600573
00977650,엔케이젠바이오텍코리아,182400,10003536694.7,22878781256
00980043,비큐AI,148780,16817091270.0,15747802228
00983916,HLB제넥스,187420,30079964063.7,146261606578
00986898,팜스빌,318010,21410976328.3,67139949260
00988364,SGA솔루션즈,184230,42123694873.7,103611572099
00989619,알테오젠,196170,76061298061.7,409011974213
00989664,코아스템켐온,166480,36099081536.0,117457187209
00990819,아티스트스튜디오,200350,37864228183.0,59269511420
00991191,앱클론,174900,2873687695.7,48182887935
00991298,씨이랩,189330,7551240942.0,13395642956
00992543,LK삼양,225190,41998049040.0,43376763929
00993931,동양파일,228340,66734854886.7,128446118144
00994994,나노,187790,81160644009.3,86329058759
00995993,DXVX,180400,35791537070.7,72358732227
01011368,에이치브이엠,295310,40695201524.7,119613500109
01011395,레몬,294140,19178180234.3,20073174804
01011438,에이치엘사이언스,239610,32003276915.0,97778172911
01012987,아모센스,357580,94874026899.7,123796497707
01014718,제노코,361390,54215837979.3,87289516128
01015160,PS일렉트로닉스,332570,80555826878.7,164600371302
01016309,한켐,457370,28383717156.7,63005163049
01016479,오로스테크놀로지,322310,47446624994.7,94406434193
01020524,자이글,234920,10402672565.0,54643848779
01021639,나라셀라,405920,91731673882.3,128241345564
01021949,덱스터,206560,62437020500.0,103565610601
01022142,엠디바이스,226590,22757275359.0,35218580533
01022902,애드바이오텍,179530,10746590082.7,23074331955
01023211,와이제이링크,209640,52038061131.3,115726215848
01023318,센코,347000,36101564996.7,67017008333
01025644,강스템바이오텍,217730,6524380330.7,55986114034
01026616,지구홀딩스,221800,41615186454.3,44982871348
01027794,브이원텍,251630,71432902514.0,198247841034
01030503,우진엔텍,457550,40668534085.7,51748720293
01031229,한국비티비,219750,20523872513.0,42648207422
01032583,강동씨앤엘,198440,55936895420.7,439892185086
01033591,큐알티,405100,59378840938.7,136320462065
01035368,티에프이,425420,72566219539.0,126748821307
01035678,링크드,193250,21494618297.7,72031186315
01036367,아크솔루션스,203690,32351134225.3,61048069198
01037214,킵스파마,256940,78111279863.3,165210653627
01037542,NPX,222160,8146282102.7,22345945004
01041828,JTC,950170,7100215121.0,29736457733
01042085,엑셈,205100,56753297909.7,147383500951
01042359,지엘팜텍,204840,22936493531.7,42440327756
01042429,넥써쓰,205500,6257011081.0,33801389808
01042650,큐리언트,115180,8893398112.3,58070561569
01042711,글로벌텍스프리,204620,84457586103.3,174537046596
01043853,베노티앤알,206400,19003032985.7,104745553211
01046391,싸이토젠,217330,4951927077.3,72478061994
01047169,지란지교시큐리티,208350,33875144222.0,85103437682
01047451,셀바스헬스케어,208370,29733583102.3,70223345563
01047840,미스터블루,207760,73875090619.7,94852623352
01049167,롤링스톤,214610,8706318737.7,54466556163
01049422,썸에이지,208640,12685413695.0,25094379023
01050738,솔트룩스,304100,35695627609.7,93236129312
01051092,피씨엘,241820,15630978297.0,21576690696
01051472,젠큐릭스,229000,3431191249.7,30044054132
01053540,퓨쳐켐,220100,14611635601.3,74421441480
01058101,라파스,214260,26263333389.0,76094755053
01062177,제놀루션,225220,18327202591.3,106452770644
01062867,디알텍,214680,93159727181.0,179346285736
01063884,솔디펜스,215090,17888875793.3,48133197619
01063954,수젠텍,253840,39542881458.3,107640984472
01063990,로보로보,215100,13206239610.3,33401057469
01064069,토박스코리아,215480,48185766688.3,42674007986
01065013,우정바이오,215380,42911072003.3,94699062089
01065679,이노인스트루먼트,215790,44965938710.0,0
01066058,파마리서치바이오,217950,19542928749.7,86538260204
01067808,넵튠,217270,83604916216.3,407453681824
01068348,러셀,217500,41372527716.0,77577166568
01069736,한독크린텍,256150,64154232538.3,62926107825
01070149,올리패스,244460,2269238601.3,26279773302
01071041,CJ 바이오사이언스,311690,4372083750.3,99609756405
01071944,미래생명자원,218150,66034834374.3,63909287180
01073261,동방메디컬,240550,92465446503.0,150351285544
01073678,얼라인드,238120,14914952353.3,44275016240
01075126,사토시홀딩스,223310,20651694076.0,35281055388
01080687,아우딘퓨쳐스,227610,34142958828.0,53240994881
01082348,오스테오닉,226400,27290520017.3,89920353491
01082418,SAMG엔터,419530,93294333118.0,97350436100
01084294,오토앤,353590,55143079165.7,56650180100
01084364,다산디엠씨,208860,6549920684.0,59117377880
01085026,유진테크놀로지,240600,39482057777.7,64718271624
01089350,켐트로스,220260,51599392901.3,125696323085
01089378,디와이디,219550,28895462544.7,30071771936
01091054,쎄노텍,222420,32463850004.3,87337781247
01095704,케이엠제약,225430,15958625205.7,48973234559
01098792,본느,226340,67447873597.3,82610317955
01099667,에스디생명공학,217480,45995914597.7,60687568267
01099861,에이텍모빌리티,224110,79028984172.0,147689380996
01105621,엔투텍,227950,11604915086.0,93602514029
01107665,크리스탈신소재,900250,423811929.7,2605695718
01108248,지노믹트리,228760,11881997432.0,130675426981
01109070,비피도,238200,15187650799.0,61212430973
01109715,DSC인베스트먼트,241520,35322267987.7,157814363533
01109937,티앤알바이오팹,246710,3357640983.3,98453015543
01109955,링크제니시스,219420,14855119738.3,49039236064
01110076,비유테크놀러지,230980,11880664275.3,40274974034
01110182,SCL사이언스,246960,2142998810.0,24057424718
01110474,풍전약품,298060,638826948.7,23169708260
01110678,유틸렉스,263050,3291308861.0,66511116467
01112700,에스엘에스바이오,246250,9382198149.0,16358558536
01112889,피엔에이치테크,239890,36272507641.3,71332578086
01113499,아이티센피엔에스,232830,53386020151.7,146246219892
01114586,셀레믹스,331920,7341837800.0,29413958613
01116265,카티스,140430,30810876386.7,56197338447
01116502,아티스트컴퍼니,321820,24216106561.7,52591911168
01117246,EMB,278990,25437312281.7,56173290284
01117413,바이오다인,314930,7190161684.7,44347229318
01118281,피플바이오,304840,4209733829.3,27074569272
01124653,슈프리마,236200,97419712378.3,260128506748
01124680,보라티알,250000,79260371775.7,169173321420
01128622,이스트에이드,239340,17719362507.7,36848581638
01130849,파라택시스이더리움,290560,10669232395.7,25307015334
01134216,트루엔,417790,46535998814.7,105533539398
01135057,녹십자웰빙,234690,84779745778.3,161526536890
01135640,이삭엔지니어링,351330,76214609895.7,68176967986
01136001,나노실리칸첨단소재,286750,6292384419.7,28082033901
01136348,나무기술,242040,96065429752.3,97079212236
01137295,프리시젼바이오,335810,19994438019.0,52039023615
01137860,위너스일렉,479960,26959860257.7,33593904892
01138595,뱅크웨어글로벌,199480,65336672425.7,51929551835
01139266,로스웰,900260,1702508951.7,5096710221
01139965,스튜디오미르,408900,22171297665.0,43687597857
01140837,이지트로닉스,377330,31103746902.7,66576852341
01141599,차백신연구소,261780,281422346.7,47248002105
01142075,핑거,163730,81611956593.7,63466464318
01142260,에스엠씨지,460870,41192594210.0,64575954728
01144028,씨티케이,260930,80625459958.0,191179251474
01144569,피엔티엠에스,257370,19154845499.0,56670110391
01146220,팸텍,271830,80785769127.0,87797491686
01146822,아이퀘스트,262840,35694948949.3,62604753930
01147487,뷰티스킨,406820,73570557419.3,82994422434
01150515,대명에너지,389260,72465416725.0,369924041346
01152586,유일로보틱스,388720,34356094160.0,117411457218
01153105,비비씨,318410,53176813695.7,90308123866
01153293,제이엘케이,322510,2443941655.0,74593068999
01157235,아스타,246720,3277781744.0,8559800000
01157846,바이오포트,188040,67528896508.0,48005599156
01158553,켄코아에어로스페이스,274090,84383890070.7,253063585746
01158632,진코스텍,250030,22319608163.3,33260833735
01160512,헝셩그룹,900270,594982121.0,2142349842
01160974,바이오에프디엔씨,251120,15837948177.3,67315667322
01161432,레이저옵텍,199550,32479616566.0,45349724810
01165155,모비스,250060,5084010532.3,50143203362
01165739,잉글우드랩,950140,136423840.7,135871032
01166109,예선테크,250930,46965664086.3,53321526341
01169267,세화피앤씨,252500,41001333732.7,45522000575
01169434,오가닉티코스메틱,900300,1004434844.0,1662146023
01170865,네오셈,253590,93613841081.0,141904875097
01170962,GRT,900290,3642132225.7,8881713477
01174038,자비스,254120,29547795278.3,39292063204
01179608,포인트엔지니어링,256630,32184649092.3,97877982494
01179617,한국비엔씨,256840,70843621899.7,267074348028
01179866,에스지헬스케어,398120,23127459888.3,32728665643
01181515,엘앤씨바이오,290650,63530886589.0,475601177449
01181807,형지글로벌,308100,49992038557.3,89137808523
01182240,배럴,267790,53546971704.7,75267118508
01182408,소프트캠프,258790,18129998416.0,39320246754
01182550,EDGC,245620,71214144879.0,86084352797
01185566,휴엠앤씨,263920,43761376753.0,62023836828
01186404,디앤씨미디어,263720,68367131018.3,115265240226
01187494,덴티스,261200,98568379396.3,214246983989
01188378,시스웍,269620,17966239549.3,22499351116
01189438,HLB바이오스텝,278650,65753290233.0,168328821153
01190124,미디어젠,279600,14041720196.3,38056376659
01196313,유에스티,263770,91271121336.3,90986326582
01199189,이랜시스,264850,74200614675.0,65369112640
01199727,샘씨엔에스,252990,44789582925.0,222167595027
01201590,에브리봇,270660,38151589230.7,117726647505
01201970,셀레스트라,352770,14330884007.3,53557666917
01207716,앱코,129890,91656893456.0,97806957509
01207761,프로브잇,227100,84151036348.7,48933783141
01207901,사이냅소프트,466410,12318992870.0,69658753960
01208751,아이에스티이,212710,35226895433.7,53057609986
01208821,팡스카이,266350,13987677023.3,2986994135
01210190,모비릭스,348030,72573729143.3,63319751411
01213586,아이디피,332370,42001132043.0,68271886730
01215618,와이엠텍,273640,38362146133.7,58732101247
01217014,트윔,290090,27778474983.0,72317532361
01217795,엠에프씨,432980,16690167450.3,36397897322
01217829,엔에프씨,265740,38190788802.7,73630630326
01217865,프롬바이오,377220,77745416092.7,81176145780
01218299,에코아이,448280,50237272746.7,149838926990
01219155,네오크레마,311390,30627754946.7,178338004403
01221752,지에프씨생명과학,388610,10746240011.0,20055239779
01222113,인스웨이브,450520,35548844327.3,55416060803
01222867,제테마,216080,57743359315.0,222716913359
01223219,에이에프더블류,312610,9001171249.0,71248598554
01226234,와이바이오로직스,338840,4464144798.3,21727189412
01226270,스톰테크,352090,57702373299.0,124713302333
01228515,앱튼,270520,18785378232.7,206414660772
01230255,한울앤제주,276730,21325276266.7,33090377300
01231786,엑스페릭스,317770,13911209288.7,96991821774
01232192,티디에스팜,464280,27718801727.3,49160572708
01235296,셀리드,299660,1548363952.7,76086463597
01236286,컬러레이,900310,232030315.7,1631465736
01236532,와이즈버즈,273060,20140031754.7,181909424688
01237434,플리토,300080,17233765066.3,16537997958
01242241,샌즈랩,411080,9772795011.7,50354427420
01243161,인산가,277410,34440788835.0,101751409522
01245062,코오롱티슈진,950160,4625928.3,151216411
01246034,다이나믹솔루션,290660,24642411678.3,72358178170
01250374,에스에스알,275630,12091705892.3,30883052612
01251489,라온피플,300120,85986474153.0,157599270309
01251577,휴네시온,290270,34485457651.7,53025559365
01251595,압타바이오,293780,1244400621.7,77433613582
01253636,에르코스,435570,32064672994.3,86835275957
01256864,에이비엘바이오,298380,55416961400.0,231975702513
01257872,에스프리즘,288620,37655934120.7,121994396863
01258020,에스바이오메딕스,304360,12985019170.3,44600754766
01258428,프레스티지바이오로직스,334970,1304957272.7,289414061372
01258710,이노메트리,302430,70830143678.7,77631713189
01259232,노바텍,285490,89575915404.7,183390239460
01259418,대보마그네틱,290670,58984493464.7,82075738955
01261644,레인보우로보틱스,277810,16073442298.3,139881005679
01263527,카이노스메드,284620,329234194.0,10741788152
01264234,엘에이티,311060,22342451455.7,32357487238
01264438,자이언트스텝,289220,44339244000.7,91693857460
01264872,이노뎁,303530,82408478760.7,63382545511
01265251,압타머사이언스,291650,561416970.3,31980971854
01267222,에피소드컴퍼니,317530,8083039378.3,18341922592
01267958,프로티아,303360,8795465022.7,27858469856
01267967,마이크로디지탈,305090,10418942017.0,54208801197
01270749,웨이비스,289930,17007585281.3,67023863233
01274310,이오플로우,294090,6109339561.0,57592868626
01275489,셀비온,308430,1841314629.7,34407912250
01275665,리메드,302550,21817879972.3,59062954350
01276026,지놈앤컴퍼니,314130,18708428901.7,147334797386
01283974,삐아,451250,42198108414.7,50855849227
01284751,시지트로닉스,429270,13069174493.0,33589166801
01284876,인스피언,465480,16526739124.7,58102470099
01286476,RF시스템즈,474610,32141678719.3,68891000938
01288410,셀바이오휴먼텍,318160,27762464833.0,52904836215
01290381,피엔케이피부임상연구센타,347740,16882204523.3,82039524848
01292291,파두,440110,40791722953.7,134427343084
01293485,제닉스로보틱스,381620,58834141995.0,80476235061
01293953,싸이버원,356890,31761582169.3,56330195131
01297898,마음AI,377480,8747065164.7,49652596262
01299106,우듬지팜,403490,55140935585.3,72571026505
01301623,비씨엔씨,146320,74912040792.7,161817096152
01302853,아이씨에이치,368600,43527200399.7,110139977759
01303029,알비더블유,361570,72346893360.7,164140277468
01305249,스톤브릿지벤처스,330730,20919330244.0,93042247641
01305869,세니젠,188260,20790743944.7,14685636692
01307335,공구우먼,366030,53852253478.0,83478150885
01309388,LS티라유텍,322180,49256306194.0,83544430008
01309421,제이엔비,452160,15965471267.0,65450969138
01309795,알로이스,297570,28758261992.3,59863502862
01310773,엔시스,333620,52028649632.0,98187901999
01311055,쿠콘,294570,68642163935.3,262925195158
01311286,퀀타매트릭스,317690,2300331340.7,26826503019
01311310,지아이텍,382480,38011583181.7,130115400896
01315042,시선AI,340810,15118261307.3,29164887906
01318261,더블유에스아이,299170,32805843990.0,85398580898
01318933,지니틱스,303030,38251721599.3,27628810259
01325429,지아이에스,306620,81365655124.7,142540468630
01326224,원바이오젠,307280,28934043492.3,41269318159
01326279,아이엘,307180,57247020335.0,138230374218
01326792,비투엔,307870,28070221669.0,56705860011
01327092,라닉스,317120,10080485135.7,43084569798
01327746,보로노이,310210,3255942283.3,73658644252
01328170,노드메이슨,317860,19098706026.3,24402527688
01328639,윙입푸드,900340,956706463.7,1413150520
01335143,로킷헬스케어,376900,11559894994.3,11328804685
01335453,조이웍스앤코,309930,40239542031.7,52757585531
01335790,바이젠셀,308080,92982084.7,67346375109
01335851,박셀바이오,323990,637552564.0,76944022178
01336373,메드팩토,235980,0.0,60785298595
01336461,뉴로메카,348340,16255672464.3,95229546881
01336762,스피어,347700,2342714767.7,44641348927
01341630,이노에이엑스,296640,18483026751.0,46961501655
01343665,RF머트리얼즈,327260,47617071052.7,113531552619
01344202,뷰노,338220,15806614354.7,50182429726
01344336,신테카바이오,226330,162761501.7,43714974994
01344363,다원넥스뷰,323350,13448913216.0,28019420026
01344831,딥노이드,315640,5320665043.7,31973977062
01353024,TS트릴리온,317240,44555938909.7,58938458605
01354740,브이씨,365900,45235000755.7,81412051773
01357446,퓨런티어,370090,32930878870.7,50631960494
01357765,큐라티스,348080,2976009570.0,46645883579
01359736,프로이천,321260,35861009841.3,46147129946
01359815,한울반도체,320000,15229974214.0,51423661144
01360875,탑머티리얼,360070,97098934794.0,207449925803
01364297,코퍼스코리아,322780,38387291366.3,86670908071
01364747,가온칩스,399720,67803285457.3,112708406447
01365038,자람테크놀로지,389020,16637254208.7,78440340806
01366000,태성,323280,51266442903.7,79613977957
01367586,제이아이테크,417500,56312619921.3,121945250403
01368637,유일에너테크,340930,48555317284.0,168762499779
01370863,그린리소스,402490,20028328569.7,111842711182
01372782,엑스게이트,356680,41445355052.0,67088112253
01373709,아이씨티케이,456010,5145986903.3,45792683195
01374443,인투셀,287840,1507145210.0,23711335094
01376715,디앤디파마텍,347850,10241456197.3,97499966012
01381391,에스피소프트,443670,37927148106.0,76848898494
01383229,저스템,417840,40244291353.7,79526301035
01383779,에스켐,475660,25129624226.7,41813922631
01385050,넥스트바이오메디컬,389650,5739971327.7,58844401306
01387164,샤페론,378800,744318590.3,19283684826
01390399,솔트웨어,328380,46186551849.0,36569895941
01393721,포커스에이아이,331380,59755877665.7,48617107100
01394669,누보,332290,84735832234.3,78743060575
01396676,일승,333430,56600611669.3,115543389151
01397620,루닛,328130,31041878166.0,435040757949
01397772,큐라클,365270,5169933347.0,59288367246
01397903,엔젠바이오,354200,7019763545.0,32949992449
01398151,밸로프,331520,33863870346.3,45466335416
01399071,고바이오랩,348150,37700752469.7,102095527727
01402995,케이엔에스,432470,30577202913.0,63151041091
01405390,핌스,347770,76593198618.7,80654047535
01405585,윙스풋,335870,50806735398.7,48359456449
01406265,와이랩,432430,24721609621.7,54063419425
01407158,이노테나,333050,25253888953.7,30358015651
01408999,웨이버스,336060,48555769593.0,54503009839
01409022,페니트리움바이오,187660,12805912720.7,28526620627
01409095,비트맥스,377030,13944484325.7,28542791872
01414422,아이비김영,339950,96092277414.0,97940371844
01416235,고스트스튜디오,950190,71583019.7,130570008
01416572,세림B&G,340440,55396945110.3,47656169712
01416642,다보링크,340360,68716581834.0,28088527264
01419135,이노진,344860,9395009634.3,17545442330
01419205,피앤에스로보틱스,460940,6109758784.7,41331619841
01423837,모아데이타,288980,26876866134.7,90228615127
01423916,온코크로스,382150,437989818.0,22547979053
01429840,아이티아이즈,372800,69699628842.7,59376339643
01435489,범한퓨얼셀,382900,39123861473.7,312418925631
01436479,토마토시스템,393210,25094731656.3,35194731690
01437432,디티앤씨알오,383930,35521637460.7,81085698640
01437858,진시스템,363250,1919283807.7,29902064808
01440153,넥사다이내믹스,351320,19230241976.3,53134749708
01441611,원티드랩,376980,42234086558.7,50188361098
01442115,소마젠,950200,30102915.0,37711587
01444380,에이텀,355690,35638114242.7,38999558175
01445440,위츠,459100,97175922222.3,97874754829
01448544,셀로맥스사이언스,471820,20675238496.7,49100267114
01453670,휴럼,353190,84494659705.0,89024487865
01453944,벡트,457600,66322404518.0,51834195999
01454341,플래티어,367000,37682400255.0,51504283322
01455410,파인메딕스,387570,9418844901.0,26898440044
01456011,디어유,376300,66583084382.3,220326632678
01462605,지투파워,388050,47404409345.7,64087221342
01462739,비아이매트릭스,413640,28127039002.0,48675928981
01467451,KT밀리의서재,418470,58333743236.0,88201101312
01468061,레뷰코퍼레이션,443250,40049446205.3,84625549219
01472930,오브젠,417860,19373784701.3,29481813288
01476219,코스텍시스,355150,17038129199.3,39955086415
01480708,HEM파마,376270,8026436644.0,36861731903
01487446,씨엔알리서치,359090,54421278427.7,85602229971
01491607,오에스피,368970,27426359168.3,71080326137
01492217,엑셀세라퓨틱스,373110,1359425703.7,16889657996
01492651,큐로셀,372320,0.0,72021277015
01492688,드림인사이트,362990,16875184460.7,49539171257
01493535,모비데이즈,363260,25724424307.7,116219348715
01493793,코셈,360350,13661694905.7,28222977358
01494118,노을,376930,1625728017.3,37808678101
01494154,지니너스,389030,4474210374.7,33089010698
01495180,파로스아이바이오,388870,100000000.0,19628332286
01497124,캡스톤파트너스,452300,10472724135.0,37178574164
01497142,엠아이큐브솔루션,373170,25361279672.7,30519884290
01497373,아이엠비디엑스,461030,3352878548.0,34047456254
01498576,유디엠텍,389680,6317840474.3,18114443560
01498974,큐리옥스바이오시스템즈,445680,6204175093.0,70560573877
01504211,라메디텍,462510,3850285304.3,22345889974
01505186,하이딥,365590,11506330540.0,18365000788
01506617,쓰리빌리언,394800,3110296075.7,30215589397
01506848,비스토스,419540,21840939749.0,21439642144
01506990,옵티코어,380540,24650989109.0,30397108406
01511558,네오이뮨텍,950220,41639.0,44507660
01513440,파이버프로,368770,23719848078.3,49861488962
01514005,크라우드웍스,355390,15962794457.3,32865570003
01514227,씨어스,458870,3712569801.7,28083739034
01514698,엑스플러스,373200,12052862786.3,25270744134
01515864,넥스트칩,396270,20425145002.7,55549237089
01516368,산돌,419120,16095402512.3,73929075034
01516456,인벤티지랩,389470,2054921357.0,72253325951
01516766,아이비젼웍스,469750,25464007120.7,49215251210
01516890,E8,418620,2086738099.3,26025292800
01524118,나노팀,417010,39346328792.3,88352415439
01524507,핀텔,291810,10720452604.3,22982233873
01526806,삼기에너지솔루션즈,419050,98863204843.3,288138134495
01538528,에이에스텍,453860,40691516421.3,89493980399
01540453,에이직랜드,445090,79280523956.7,167092297480
01540815,스튜디오삼익,415380,96637643255.0,47521090708
01544468,이엔셀,456070,8367521877.0,55745013944
01546101,아이엠티,451220,10263988983.0,54687094590
01547933,미쥬,351020,24428075751.3,20969365147
01549472,대진첨단소재,393970,69078098953.7,142980234628
01553129,제이투케이바이오,420570,25877787381.3,35966420026
01555215,스마트레이더시스템,424960,4279171299.7,32146793171
01563922,엠오티,413390,73965276882.3,109768031393
01569102,라이콤,388790,22311329969.7,28093515775
01571107,오픈엣지테크놀로지,394280,14978241232.0,86678233603
01573284,코닉오토메이션,391710,37650379109.0,39226719456
01573336,토모큐브,475960,3852313090.0,43610542253
01573381,레이저쎌,412350,5358579316.0,45490838442
01575361,세븐브로이맥주,267080,17857190140.0,34315604315
01575839,플라즈맵,405000,12120832035.3,25513147512
01577952,지투지바이오,456160,583088509.7,25345035928
01579570,시큐레터,418250,2042977394.0,10915715941
01583652,모니터랩,434480,14410119022.7,44663735492
01584183,퀄리타스반도체,432720,9212833260.7,64020676691
01584934,핑거스토리,417180,18061437533.3,36508124369
01585155,오픈놀,440320,30725800831.7,84027900449
01586455,꿈비,407400,31867402977.7,71742030823
01587056,엔젯,419080,13332766376.7,46022538583
01588189,씨메스로보틱스,475400,6402474425.3,80987639176
01590528,아스테라시스,450950,20649631515.3,24728774988
01590980,심플랫폼,444530,5159340855.7,7295459880
01592049,엔젤로보틱스,455900,3847150895.7,43876809146
01593668,센서뷰,321370,9893028517.3,42714557584
01596656,메쎄이상,408920,52075136397.3,84373356853
01596920,알지노믹스,476830,47869230.0,28146871462
01601222,씨피시스템,413630,21258058374.3,47569039483
01602638,한싹,430690,22172110946.0,43468551229
01605282,닷밀,464580,17676182840.3,45920636631
01605529,버넥트,438700,5385885247.3,43766338243
01622331,벨로크,424760,28157003576.3,39084603188
01636565,루미르,474170,10923399730.3,72010250362
01641600,에이럭스,475580,49017277826.3,62805404304
01658831,오름테라퓨틱,475830,52133049094.7,153836050957
01663116,에어레인,163280,17927596675.0,82434947088
01663569,하스,450330,15704680957.7,54880995895
01676642,사피엔반도체,452430,6131635748.3,31243152039
01678312,아이빔테크놀로지,460470,3132422039.3,34886682434
01685251,컨텍,451760,32519094720.0,278757169386
01686427,에스오에스랩,464080,3791815588.3,39065974449
01689035,민테크,452200,16773844043.7,68723851287
01689266,케이쓰리아이,431190,12567187668.7,40485337776
01693922,지슨,446840,0.0,12311598310
01700587,이노스페이스,462350,196111678.7,55913913275
01703849,노머스,473980,43076198310.7,98797027442
01704680,M83,476080,41082639710.3,75374333554
01706794,아이언디바이스,464500,6680181425.0,36753233054
01712616,엔에이치스팩29호,451700,0.0,30932483532
01718407,블랙야크아이앤씨,478560,33670262880.0,31857934922
01728167,아이지넷,462980,12115387878.0,19087051738
01747977,엘케이켐,489500,18015958555.3,41236153237
01764099,링크솔루션,474650,7459019795.0,35649926247
01767494,에이치엠씨제6호스팩,462020,0.0,9524966482
01781847,교보15호스팩,465320,0.0,9050618564
01784914,클로봇,466100,26183164515.7,69510934821
01785056,엔에이치스팩30호,466910,0.0,20384937221
01785551,KB제27호스팩,464680,0.0,30598858553
01785700,IBKS제23호스팩,467930,0.0,10041038299
01787072,유진스팩10호,468760,0.0,10076227605
01791321,하나30호스팩,469880,0.0,17568108084
01791561,하나31호스팩,469900,0.0,12529392684
01796858,신영스팩10호,472220,0.0,11075529055
01798980,유안타제15호스팩,473050,0.0,15438461196
01803927,에이유브랜즈,481070,35138994361.0,44789493675
01804476,유안타제16호스팩,474490,0.0,12601485062
01807729,하나33호스팩,475250,0.0,8403658411
01807738,하나32호스팩,475240,0.0,7187722271
01813377,에이치엠씨제7호스팩,477340,0.0,15848534964
01814589,디비금융스팩12호,477760,0.0,11972837828
01815764,이베스트스팩6호,478110,0.0,9931427935
01816268,KB제29호스팩,478390,0.0,14595355295
01819867,미래에셋비전스팩6호,478440,0.0,16014544998
01834194,엔에이치스팩31호,481890,0.0,14999939769
01841635,미래에셋비전스팩7호,482680,0.0,19876971456
01845534,대신밸런스제19호스팩,482690,0.0,13344297190
01845701,교보16호스팩,482520,0.0,14904061918
01847550,하나34호스팩,484130,0.0,9841878611
01851650,KB제30호스팩,486630,0.0,11896157412
01854392,유진스팩11호,488060,0.0,10862190797
01854408,신한제15호스팩,487830,0.0,9854814218
01857991,디비금융제13호스팩,489730,0.0,14197382440
01866528,교보17호스팩,489210,0.0,11857603728
01866926,KB제31호스팩,492220,0.0,14389802915
01873272,키움제11호스팩,489480,0.0,12332703415
01877126,키움제10호스팩,487720,0.0,9845785619
